{
  "model_type": "linear_free_fit",
  "linear_model": {
    "p_base": 63.0,
    "p_core": 17.294,
    "fitted_intercept": 71.69500000000001
  },
  "timestamp": "2025-04-30T12:52:17.344772",
  "node_name": "riga",
  "source_files": {
    "measurement_run0.csv": 1,
    "measurement_run1.csv": 2,
    "measurement_run2.csv": 3,
    "measurement_run3.csv": 4
  },
  "cpu_info": {
    "cores": 4,
    "model": "Xeon E31230 @ 3.20GHz"
  },
  "polynomial_model": {
    "a": -2.33499999999999,
    "b": 28.968999999999937,
    "c": 60.02000000000009
  }
}